Date,Jobs
16/1/2019,1
4/2/2019,1
5/2/2019,1
5/2/2019,1
5/2/2019,1
5/2/2019,1
5/2/2019,1
5/2/2019,1
5/2/2019,1
5/2/2019,1
6/2/2019,1
6/2/2019,1
6/2/2019,1
6/2/2019,1
6/2/2019,1
6/2/2019,1
6/2/2019,1
6/2/2019,1
25/2/2019,1
7/2/2019,1
7/2/2019,1
7/2/2019,1
8/2/2019,1
8/2/2019,1
8/2/2019,1
8/2/2019,1
8/2/2019,1
8/2/2019,1
8/2/2019,1
11/2/2019,1
11/2/2019,1
11/2/2019,1
11/2/2019,1
11/2/2019,1
11/2/2019,1
11/2/2019,1
11/2/2019,1
12/2/2019,1
12/2/2019,1
12/2/2019,1
12/2/2019,1
12/2/2019,1
12/2/2019,1
12/2/2019,1
12/2/2019,1
12/2/2019,1
12/2/2019,1
13/2/2019,1
13/2/2019,1
13/2/2019,1
13/2/2019,1
13/2/2019,1
13/2/2019,1
13/2/2019,1
13/2/2019,1
13/2/2019,1
13/2/2019,1
13/2/2019,1
14/2/2019,1
14/2/2019,1
14/2/2019,1
14/2/2019,1
14/2/2019,1
15/2/2019,1
15/2/2019,1
15/2/2019,1
15/2/2019,1
15/2/2019,1
16/2/2019,1
16/2/2019,1
16/2/2019,1
18/2/2019,1
18/2/2019,1
18/2/2019,1
18/2/2019,1
18/2/2019,1
18/2/2019,1
19/2/2019,1
19/2/2019,1
19/2/2019,1
19/2/2019,1
21/2/2019,1
20/2/2019,1
20/2/2019,1
20/2/2019,1
20/2/2019,1
21/2/2019,1
21/2/2019,1
21/2/2019,1
22/2/2019,1
22/2/2019,1
22/2/2019,1
24/2/2019,1
25/2/2019,1
25/2/2019,1
26/2/2019,1
26/2/2019,1
26/2/2019,1
27/2/2019,1
27/2/2019,1
27/2/2019,1
27/2/2019,1
27/2/2019,1
27/2/2019,1
27/2/2019,1
28/2/2019,1
27/2/2019,1
28/2/2019,1
28/2/2019,1
28/2/2019,1
28/2/2019,1
28/2/2019,1
28/2/2019,1
28/2/2019,1
28/2/2019,1
28/2/2019,1
1/3/2019,1
1/3/2019,1
1/3/2019,1
1/3/2019,1
1/3/2019,1
1/3/2019,1
1/3/2019,1
1/3/2019,1
4/3/2019,1
4/3/2019,1
4/3/2019,1
4/3/2019,1
4/3/2019,1
4/3/2019,1
4/3/2019,1
4/3/2019,1
4/3/2019,1
4/3/2019,1
4/3/2019,1
5/3/2019,1
5/3/2019,1
5/3/2019,1
5/3/2019,1
5/3/2019,1
5/3/2019,1
5/3/2019,1
5/3/2019,1
5/3/2019,1
6/3/2019,1
6/3/2019,1
6/3/2019,1
6/3/2019,1
6/3/2019,1
6/3/2019,1
6/3/2019,1
6/3/2019,1
6/3/2019,1
6/3/2019,1
6/3/2019,1
6/3/2019,1
6/3/2019,1
6/3/2019,1
6/3/2019,1
7/3/2019,1
7/3/2019,1
7/3/2019,1
7/3/2019,1
7/3/2019,1
7/3/2019,1
7/3/2019,1
7/3/2019,1
7/3/2019,1
7/3/2019,1
7/3/2019,1
7/3/2019,1
7/3/2019,1
7/3/2019,1
7/3/2019,1
7/3/2019,1
7/3/2019,1
8/3/2019,1
8/3/2019,1
8/3/2019,1
9/3/2019,1
9/3/2019,1
11/3/2019,1
11/3/2019,1
11/3/2019,1
11/3/2019,1
11/3/2019,1
11/3/2019,1
11/3/2019,1
11/3/2019,1
11/3/2019,1
12/3/2019,1
12/3/2019,1
12/3/2019,1
12/3/2019,1
12/3/2019,1
12/3/2019,1
12/3/2019,1
12/3/2019,1
12/3/2019,1
12/3/2019,1
12/3/2019,1
13/3/2019,1
13/3/2019,1
13/3/2019,1
13/3/2019,1
13/3/2019,1
13/3/2019,1
13/3/2019,1
13/3/2019,1
14/3/2019,1
14/3/2019,1
14/3/2019,1
14/3/2019,1
14/3/2019,1
15/3/2019,1
15/3/2019,1
15/3/2019,1
15/3/2019,1
15/3/2019,1
17/3/2019,1
18/3/2019,1
18/3/2019,1
19/3/2019,1
19/3/2019,1
19/3/2019,1
19/3/2019,1
19/3/2019,1
19/3/2019,1
19/3/2019,1
19/3/2019,1
20/3/2019,1
20/3/2019,1
20/3/2019,1
20/3/2019,1
20/3/2019,1
20/3/2019,1
21/3/2019,1
21/3/2019,1
22/3/2019,1
21/3/2019,1
21/3/2019,1
22/3/2019,1
22/3/2019,1
22/3/2019,1
22/3/2019,1
25/3/2019,1
25/3/2019,1
25/3/2019,1
25/3/2019,1
25/3/2019,1
25/3/2019,1
25/3/2019,1
25/3/2019,1
25/3/2019,1
25/3/2019,1
25/3/2019,1
25/3/2019,1
25/3/2019,1
25/3/2019,1
25/3/2019,1
26/3/2019,1
26/3/2019,1
26/3/2019,1
26/3/2019,1
26/3/2019,1
26/3/2019,1
27/3/2019,1
27/3/2019,1
27/3/2019,1
28/3/2019,1
28/3/2019,1
28/3/2019,1
28/3/2019,1
28/3/2019,1
28/3/2019,1
29/3/2019,1
29/3/2019,1
29/3/2019,1
30/3/2019,1
30/3/2019,1
31/3/2019,1
1/4/2019,1
1/4/2019,1
1/4/2019,1
1/4/2019,1
1/4/2019,1
1/4/2019,1
1/4/2019,1
1/4/2019,1
1/4/2019,1
1/4/2019,1
2/4/2019,1
2/4/2019,1
2/4/2019,1
2/4/2019,1
2/4/2019,1
2/4/2019,1
3/4/2019,1
3/4/2019,1
3/4/2019,1
3/4/2019,1
3/4/2019,1
3/4/2019,1
3/4/2019,1
4/4/2019,1
4/4/2019,1
4/4/2019,1
4/4/2019,1
4/4/2019,1
5/4/2019,1
5/4/2019,1
5/4/2019,1
5/4/2019,1
5/4/2019,1
5/4/2019,1
5/4/2019,1
5/4/2019,1
6/4/2019,1
7/4/2019,1
8/4/2019,1
8/4/2019,1
8/4/2019,1
8/4/2019,1
8/4/2019,1
8/4/2019,1
8/4/2019,1
8/4/2019,1
9/4/2019,1
9/4/2019,1
10/4/2019,1
11/4/2019,1
11/4/2019,1
11/4/2019,1
11/4/2019,1
11/4/2019,1
11/4/2019,1
11/4/2019,1
11/4/2019,1
12/4/2019,1
12/4/2019,1
12/4/2019,1
12/4/2019,1
12/4/2019,1
12/4/2019,1
12/4/2019,1
14/4/2019,1
15/4/2019,1
15/4/2019,1
15/4/2019,1
15/4/2019,1
16/4/2019,1
16/4/2019,1
16/4/2019,1
16/4/2019,1
16/4/2019,1
16/4/2019,1
17/4/2019,1
17/4/2019,1
17/4/2019,1
17/4/2019,1
17/4/2019,1
18/4/2019,1
18/4/2019,1
18/4/2019,1
18/4/2019,1
18/4/2019,1
18/4/2019,1
18/4/2019,1
18/4/2019,1
18/4/2019,1
18/4/2019,1
18/4/2019,1
23/4/2019,1
23/4/2019,1
23/4/2019,1
23/4/2019,1
23/4/2019,1
23/4/2019,1
24/4/2019,1
24/4/2019,1
24/4/2019,1
24/4/2019,1
24/4/2019,1
25/4/2019,1
26/4/2019,1
26/4/2019,1
26/4/2019,1
26/4/2019,1
26/4/2019,1
26/4/2019,1
29/4/2019,1
29/4/2019,1
29/4/2019,1
29/4/2019,1
29/4/2019,1
29/4/2019,1
29/4/2019,1
29/4/2019,1
29/4/2019,1
29/4/2019,1
30/4/2019,1
30/4/2019,1
30/4/2019,1
30/4/2019,1
30/4/2019,1
30/4/2019,1
1/5/2019,1
1/5/2019,1
1/5/2019,1
1/5/2019,1
1/5/2019,1
1/5/2019,1
1/5/2019,1
1/5/2019,1
1/5/2019,1
1/5/2019,1
1/5/2019,1
1/5/2019,1
1/5/2019,1
1/5/2019,1
2/5/2019,1
2/5/2019,1
2/5/2019,1
2/5/2019,1
2/5/2019,1
2/5/2019,1
2/5/2019,1
3/5/2019,1
3/5/2019,1
3/5/2019,1
3/5/2019,1
3/5/2019,1
3/5/2019,1
3/5/2019,1
6/5/2019,1
6/5/2019,1
6/5/2019,1
6/5/2019,1
6/5/2019,1
6/5/2019,1
7/5/2019,1
7/5/2019,1
7/5/2019,1
7/5/2019,1
7/5/2019,1
7/5/2019,1
7/5/2019,1
7/5/2019,1
8/5/2019,1
9/5/2019,1
9/5/2019,1
9/5/2019,1
10/5/2019,1
10/5/2019,1
10/5/2019,1
10/5/2019,1
10/5/2019,1
10/5/2019,1
10/5/2019,1
10/5/2019,1
10/5/2019,1
10/5/2019,1
13/5/2019,1
13/5/2019,1
13/5/2019,1
13/5/2019,1
13/5/2019,1
13/5/2019,1
13/5/2019,1
14/5/2019,1
14/5/2019,1
14/5/2019,1
15/5/2019,1
15/5/2019,1
15/5/2019,1
15/5/2019,1
15/5/2019,1
15/5/2019,1
15/5/2019,1
16/5/2019,1
16/5/2019,1
16/5/2019,1
17/5/2019,1
17/5/2019,1
17/5/2019,1
19/5/2019,1
20/5/2019,1
20/5/2019,1
20/5/2019,1
20/5/2019,1
20/5/2019,1
21/5/2019,1
21/5/2019,1
21/5/2019,1
21/5/2019,1
22/5/2019,1
22/5/2019,1
22/5/2019,1
23/5/2019,1
23/5/2019,1
23/5/2019,1
23/5/2019,1
24/5/2019,1
24/5/2019,1
24/5/2019,1
24/5/2019,1
24/5/2019,1
24/5/2019,1
27/5/2019,1
27/5/2019,1
27/5/2019,1
27/5/2019,1
27/5/2019,1
27/5/2019,1
28/5/2019,1
28/5/2019,1
28/5/2019,1
28/5/2019,1
29/5/2019,1
30/5/2019,1
30/5/2019,1
30/5/2019,1
30/5/2019,1
30/5/2019,1
30/5/2019,1
30/5/2019,1
30/5/2019,1
30/5/2019,1
30/5/2019,1
30/5/2019,1
30/5/2019,1
30/5/2019,1
30/5/2019,1
30/5/2019,1
30/5/2019,1
30/5/2019,1
30/5/2019,1
30/5/2019,1
30/5/2019,1
30/5/2019,1
30/5/2019,1
30/5/2019,1
30/5/2019,1
30/5/2019,1
30/5/2019,1
30/5/2019,1
30/5/2019,1
30/5/2019,1
30/5/2019,1
30/5/2019,1
31/5/2019,1
31/5/2019,1
31/5/2019,1
31/5/2019,1
31/5/2019,1
31/5/2019,1
31/5/2019,1
31/5/2019,1
31/5/2019,1
31/5/2019,1
31/5/2019,1
31/5/2019,1
31/5/2019,1
31/5/2019,1
31/5/2019,1
31/5/2019,1
1/6/2019,1
1/6/2019,1
1/6/2019,1
2/6/2019,1
2/6/2019,1
2/6/2019,1
3/6/2019,1
3/6/2019,1
3/6/2019,1
3/6/2019,1
3/6/2019,1
4/6/2019,1
4/6/2019,1
4/6/2019,1
4/6/2019,1
4/6/2019,1
4/6/2019,1
5/6/2019,1
5/6/2019,1
5/6/2019,1
5/6/2019,1
5/6/2019,1
5/6/2019,1
5/6/2019,1
5/6/2019,1
5/6/2019,1
5/6/2019,1
5/6/2019,1
6/6/2019,1
6/6/2019,1
6/6/2019,1
6/6/2019,1
6/6/2019,1
6/6/2019,1
6/6/2019,1
6/6/2019,1
7/6/2019,1
7/6/2019,1
7/6/2019,1
7/6/2019,1
7/6/2019,1
7/6/2019,1
7/6/2019,1
7/6/2019,1
7/6/2019,1
7/6/2019,1
10/6/2019,1
10/6/2019,1
10/6/2019,1
10/6/2019,1
11/6/2019,1
11/6/2019,1
11/6/2019,1
11/6/2019,1
11/6/2019,1
11/6/2019,1
11/6/2019,1
11/6/2019,1
11/6/2019,1
11/6/2019,1
11/6/2019,1
11/6/2019,1
11/6/2019,1
11/6/2019,1
12/6/2019,1
12/6/2019,1
12/6/2019,1
12/6/2019,1
12/6/2019,1
13/6/2019,1
13/6/2019,1
13/6/2019,1
13/6/2019,1
14/6/2019,1
14/6/2019,1
14/6/2019,1
14/6/2019,1
14/6/2019,1
14/6/2019,1
14/6/2019,1
14/6/2019,1
14/6/2019,1
17/6/2019,1
17/6/2019,1
17/6/2019,1
17/6/2019,1
17/6/2019,1
18/6/2019,1
18/6/2019,1
18/6/2019,1
18/6/2019,1
19/6/2019,1
19/6/2019,1
20/6/2019,1
20/6/2019,1
20/6/2019,1
20/6/2019,1
20/6/2019,1
20/6/2019,1
20/6/2019,1
20/6/2019,1
20/6/2019,1
20/6/2019,1
20/6/2019,1
20/6/2019,1
20/6/2019,1
21/6/2019,1
21/6/2019,1
21/6/2019,1
21/6/2019,1
23/6/2019,1
23/6/2019,1
24/6/2019,1
24/6/2019,1
24/6/2019,1
24/6/2019,1
24/6/2019,1
25/6/2019,1
25/6/2019,1
25/6/2019,1
25/6/2019,1
27/6/2019,1
27/6/2019,1
28/6/2019,1
28/6/2019,1
28/6/2019,1
28/6/2019,1
28/6/2019,1
28/6/2019,1
28/6/2019,1
28/6/2019,1
30/6/2019,1
1/7/2019,1
1/7/2019,1
1/7/2019,1
1/7/2019,1
1/7/2019,1
1/7/2019,1
1/7/2019,1
1/7/2019,1
1/7/2019,1
2/7/2019,1
2/7/2019,1
2/7/2019,1
3/7/2019,1
3/7/2019,1
3/7/2019,1
3/7/2019,1
4/7/2019,1
4/7/2019,1
4/7/2019,1
4/7/2019,1
5/7/2019,1
5/7/2019,1
6/7/2019,1
6/7/2019,1
6/7/2019,1
8/7/2019,1
8/7/2019,1
8/7/2019,1
9/7/2019,1
9/7/2019,1
9/7/2019,1
9/7/2019,1
9/7/2019,1
10/7/2019,1
10/7/2019,1
10/7/2019,1
10/7/2019,1
10/7/2019,1
10/7/2019,1
10/7/2019,1
11/7/2019,1
11/7/2019,1
11/7/2019,1
11/7/2019,1
11/7/2019,1
11/7/2019,1
11/7/2019,1
12/7/2019,1
12/7/2019,1
12/7/2019,1
12/7/2019,1
12/7/2019,1
12/7/2019,1
15/7/2019,1
15/7/2019,1
15/7/2019,1
16/7/2019,1
16/7/2019,1
16/7/2019,1
16/7/2019,1
16/7/2019,1
17/7/2019,1
17/7/2019,1
18/7/2019,1
18/7/2019,1
18/7/2019,1
18/7/2019,1
18/7/2019,1
19/7/2019,1
19/7/2019,1
19/7/2019,1
19/7/2019,1
19/7/2019,1
22/7/2019,1
22/7/2019,1
22/7/2019,1
22/7/2019,1
22/7/2019,1
23/7/2019,1
23/7/2019,1
23/7/2019,1
24/7/2019,1
24/7/2019,1
24/7/2019,1
24/7/2019,1
24/7/2019,1
24/7/2019,1
24/7/2019,1
24/7/2019,1
24/7/2019,1
25/7/2019,1
25/7/2019,1
25/7/2019,1
25/7/2019,1
25/7/2019,1
25/7/2019,1
26/7/2019,1
26/7/2019,1
29/7/2019,1
29/7/2019,1
30/7/2019,1
30/7/2019,1
30/7/2019,1
30/7/2019,1
30/7/2019,1
31/7/2019,1
31/7/2019,1
31/7/2019,1
1/8/2019,1
1/8/2019,1
1/8/2019,1
1/8/2019,1
1/8/2019,1
2/8/2019,1
2/8/2019,1
2/8/2019,1
2/8/2019,1
4/8/2019,1
5/8/2019,1
5/8/2019,1
5/8/2019,1
5/8/2019,1
6/8/2019,1
6/8/2019,1
6/8/2019,1
6/8/2019,1
7/8/2019,1
7/8/2019,1
7/8/2019,1
8/8/2019,1
8/8/2019,1
8/8/2019,1
8/8/2019,1
8/8/2019,1
8/8/2019,1
8/8/2019,1
9/8/2019,1
9/8/2019,1
9/8/2019,1
12/8/2019,1
12/8/2019,1
12/8/2019,1
13/8/2019,1
13/8/2019,1
13/8/2019,1
13/8/2019,1
13/8/2019,1
14/8/2019,1
14/8/2019,1
14/8/2019,1
14/8/2019,1
15/8/2019,1
15/8/2019,1
15/8/2019,1
15/8/2019,1
15/8/2019,1
15/8/2019,1
16/8/2019,1
16/8/2019,1
16/8/2019,1
16/8/2019,1
16/8/2019,1
16/8/2019,1
16/8/2019,1
16/8/2019,1
16/8/2019,1
16/8/2019,1
16/8/2019,1
17/8/2019,1
17/8/2019,1
18/8/2019,1
18/8/2019,1
18/8/2019,1
18/8/2019,1
19/8/2019,1
19/8/2019,1
19/8/2019,1
20/8/2019,1
20/8/2019,1
20/8/2019,1
20/8/2019,1
20/8/2019,1
20/8/2019,1
20/8/2019,1
20/8/2019,1
20/8/2019,1
21/8/2019,1
21/8/2019,1
21/8/2019,1
22/8/2019,1
22/8/2019,1
23/8/2019,1
23/8/2019,1
23/8/2019,1
23/8/2019,1
23/8/2019,1
26/8/2019,1
26/8/2019,1
26/8/2019,1
26/8/2019,1
26/8/2019,1
26/8/2019,1
26/8/2019,1
27/8/2019,1
27/8/2019,1
28/8/2019,1
28/8/2019,1
28/8/2019,1
28/8/2019,1
28/8/2019,1
28/8/2019,1
29/8/2019,1
29/8/2019,1
29/8/2019,1
29/8/2019,1
30/8/2019,1
30/8/2019,1
30/8/2019,1
30/8/2019,1
30/8/2019,1
30/8/2019,1
30/8/2019,1
30/8/2019,1
31/8/2019,1
2/9/2019,1
2/9/2019,1
2/9/2019,1
2/9/2019,1
3/9/2019,1
3/9/2019,1
3/9/2019,1
4/9/2019,1
4/9/2019,1
4/9/2019,1
4/9/2019,1
4/9/2019,1
4/9/2019,1
4/9/2019,1
4/9/2019,1
4/9/2019,1
4/9/2019,1
4/9/2019,1
4/9/2019,1
4/9/2019,1
4/9/2019,1
4/9/2019,1
4/9/2019,1
5/9/2019,1
5/9/2019,1
5/9/2019,1
5/9/2019,1
5/9/2019,1
5/9/2019,1
5/9/2019,1
5/9/2019,1
6/9/2019,1
6/9/2019,1
6/9/2019,1
6/9/2019,1
6/9/2019,1
7/9/2019,1
9/9/2019,1
9/9/2019,1
9/9/2019,1
9/9/2019,1
9/9/2019,1
9/9/2019,1
9/9/2019,1
10/9/2019,1
10/9/2019,1
10/9/2019,1
10/9/2019,1
11/9/2019,1
11/9/2019,1
11/9/2019,1
11/9/2019,1
11/9/2019,1
11/9/2019,1
11/9/2019,1
11/9/2019,1
12/9/2019,1
12/9/2019,1
12/9/2019,1
12/9/2019,1
12/9/2019,1
12/9/2019,1
13/9/2019,1
13/9/2019,1
13/9/2019,1
13/9/2019,1
16/9/2019,1
16/9/2019,1
16/9/2019,1
17/9/2019,1
17/9/2019,1
18/9/2019,1
18/9/2019,1
19/9/2019,1
19/9/2019,1
19/9/2019,1
19/9/2019,1
19/9/2019,1
19/9/2019,1
19/9/2019,1
20/9/2019,1
20/9/2019,1
20/9/2019,1
20/9/2019,1
20/9/2019,1
21/9/2019,1
23/9/2019,1
23/9/2019,1
23/9/2019,1
23/9/2019,1
23/9/2019,1
23/9/2019,1
24/9/2019,1
24/9/2019,1
24/9/2019,1
24/9/2019,1
24/9/2019,1
24/9/2019,1
24/9/2019,1
24/9/2019,1
25/9/2019,1
25/9/2019,1
25/9/2019,1
25/9/2019,1
25/9/2019,1
25/9/2019,1
25/9/2019,1
25/9/2019,1
26/9/2019,1
26/9/2019,1
26/9/2019,1
26/9/2019,1
26/9/2019,1
27/9/2019,1
27/9/2019,1
29/9/2019,1
29/9/2019,1
30/9/2019,1
30/9/2019,1
30/9/2019,1
30/9/2019,1
30/9/2019,1
1/10/2019,1
1/10/2019,1
1/10/2019,1
1/10/2019,1
2/10/2019,1
2/10/2019,1
2/10/2019,1
3/10/2019,1
3/10/2019,1
3/10/2019,1
3/10/2019,1
3/10/2019,1
4/10/2019,1
4/10/2019,1
4/10/2019,1
4/10/2019,1
4/10/2019,1
4/10/2019,1
4/10/2019,1
4/10/2019,1
4/10/2019,1
4/10/2019,1
4/10/2019,1
4/10/2019,1
4/10/2019,1
4/10/2019,1
7/10/2019,1
7/10/2019,1
8/10/2019,1
8/10/2019,1
9/10/2019,1
9/10/2019,1
9/10/2019,1
10/10/2019,1
10/10/2019,1
10/10/2019,1
10/10/2019,1
11/10/2019,1
11/10/2019,1
11/10/2019,1
11/10/2019,1
11/10/2019,1
11/10/2019,1
11/10/2019,1
12/10/2019,1
14/10/2019,1
14/10/2019,1
14/10/2019,1
14/10/2019,1
15/10/2019,1
15/10/2019,1
15/10/2019,1
15/10/2019,1
16/10/2019,1
16/10/2019,1
16/10/2019,1
17/10/2019,1
17/10/2019,1
17/10/2019,1
17/10/2019,1
17/10/2019,1
18/10/2019,1
18/10/2019,1
18/10/2019,1
18/10/2019,1
21/10/2019,1
21/10/2019,1
21/10/2019,1
21/10/2019,1
21/10/2019,1
21/10/2019,1
21/10/2019,1
21/10/2019,1
21/10/2019,1
21/10/2019,1
21/10/2019,1
21/10/2019,1
21/10/2019,1
21/10/2019,1
22/10/2019,1
22/10/2019,1
22/10/2019,1
23/10/2019,1
23/10/2019,1
23/10/2019,1
23/10/2019,1
23/10/2019,1
24/10/2019,1
24/10/2019,1
24/10/2019,1
24/10/2019,1
24/10/2019,1
25/10/2019,1
25/10/2019,1
28/10/2019,1
28/10/2019,1
28/10/2019,1
28/10/2019,1
29/10/2019,1
29/10/2019,1
29/10/2019,1
29/10/2019,1
29/10/2019,1
30/10/2019,1
30/10/2019,1
30/10/2019,1
30/10/2019,1
30/10/2019,1
30/10/2019,1
30/10/2019,1
30/10/2019,1
31/10/2019,1
31/10/2019,1
31/10/2019,1
1/11/2019,1
1/11/2019,1
1/11/2019,1
4/11/2019,1
4/11/2019,1
4/11/2019,1
4/11/2019,1
5/11/2019,1
5/11/2019,1
5/11/2019,1
5/11/2019,1
6/11/2019,1
6/11/2019,1
6/11/2019,1
6/11/2019,1
6/11/2019,1
7/11/2019,1
7/11/2019,1
7/11/2019,1
7/11/2019,1
8/11/2019,1
8/11/2019,1
8/11/2019,1
8/11/2019,1
8/11/2019,1
8/11/2019,1
9/11/2019,1
10/11/2019,1
11/11/2019,1
11/11/2019,1
11/11/2019,1
12/11/2019,1
12/11/2019,1
12/11/2019,1
13/11/2019,1
13/11/2019,1
14/11/2019,1
14/11/2019,1
14/11/2019,1
14/11/2019,1
14/11/2019,1
14/11/2019,1
15/11/2019,1
15/11/2019,1
17/11/2019,1
18/11/2019,1
18/11/2019,1
18/11/2019,1
18/11/2019,1
18/11/2019,1
19/11/2019,1
19/11/2019,1
19/11/2019,1
19/11/2019,1
19/11/2019,1
19/11/2019,1
19/11/2019,1
19/11/2019,1
19/11/2019,1
19/11/2019,1
20/11/2019,1
20/11/2019,1
20/11/2019,1
20/11/2019,1
20/11/2019,1
21/11/2019,1
22/11/2019,1
22/11/2019,1
22/11/2019,1
25/11/2019,1
26/11/2019,1
26/11/2019,1
26/11/2019,1
26/11/2019,1
26/11/2019,1
27/11/2019,1
27/11/2019,1
27/11/2019,1
28/11/2019,1
28/11/2019,1
29/11/2019,1
2/12/2019,1
3/12/2019,1
3/12/2019,1
3/12/2019,1
3/12/2019,1
3/12/2019,1
3/12/2019,1
3/12/2019,1
3/12/2019,1
3/12/2019,1
3/12/2019,1
3/12/2019,1
3/12/2019,1
3/12/2019,1
3/12/2019,1
3/12/2019,1
3/12/2019,1
3/12/2019,1
4/12/2019,1
4/12/2019,1
4/12/2019,1
5/12/2019,1
5/12/2019,1
6/12/2019,1
6/12/2019,1
6/12/2019,1
6/12/2019,1
9/12/2019,1
9/12/2019,1
9/12/2019,1
9/12/2019,1
10/12/2019,1
10/12/2019,1
10/12/2019,1
10/12/2019,1
10/12/2019,1
10/12/2019,1
10/12/2019,1
11/12/2019,1
12/12/2019,1
12/12/2019,1
12/12/2019,1
13/12/2019,1
13/12/2019,1
13/12/2019,1
13/12/2019,1
16/12/2019,1
16/12/2019,1
17/12/2019,1
17/12/2019,1
18/12/2019,1
18/12/2019,1
18/12/2019,1
19/12/2019,1
19/12/2019,1
19/12/2019,1
19/12/2019,1
19/12/2019,1
19/12/2019,1
20/12/2019,1
20/12/2019,1
20/12/2019,1
20/12/2019,1
20/12/2019,1
20/12/2019,1
23/12/2019,1
24/12/2019,1
24/12/2019,1
26/12/2019,1
26/12/2019,1
26/12/2019,1
26/12/2019,1
27/12/2019,1
28/12/2019,1
2/1/2020,1
2/1/2020,1
2/1/2020,1
2/1/2020,1
6/1/2020,1
6/1/2020,1
6/1/2020,1
7/1/2020,1
6/1/2020,1
7/1/2020,1
7/1/2020,1
7/1/2020,1
8/1/2020,1
8/1/2020,1
8/1/2020,1
8/1/2020,1
8/1/2020,1
8/1/2020,1
9/1/2020,1
9/1/2020,1
9/1/2020,1
10/1/2020,1
10/1/2020,1
10/1/2020,1
10/1/2020,1
10/1/2020,1
10/1/2020,1
13/1/2020,1
13/1/2020,1
13/1/2020,1
14/1/2020,1
14/1/2020,1
14/1/2020,1
14/1/2020,1
14/1/2020,1
14/1/2020,1
14/1/2020,1
14/1/2020,1
15/1/2020,1
15/1/2020,1
15/1/2020,1
15/1/2020,1
15/1/2020,1
15/1/2020,1
15/1/2020,1
15/1/2020,1
15/1/2020,1
15/1/2020,1
15/1/2020,1
16/1/2020,1
16/1/2020,1
16/1/2020,1
16/1/2020,1
16/1/2020,1
16/1/2020,1
16/1/2020,1
16/1/2020,1
16/1/2020,1
17/1/2020,1
17/1/2020,1
20/1/2020,1
20/1/2020,1
20/1/2020,1
20/1/2020,1
21/1/2020,1
21/1/2020,1
21/1/2020,1
22/1/2020,1
22/1/2020,1
22/1/2020,1
22/1/2020,1
23/1/2020,1
23/1/2020,1
23/1/2020,1
23/1/2020,1
23/1/2020,1
24/1/2020,1
24/1/2020,1
24/1/2020,1
24/1/2020,1
24/1/2020,1
24/1/2020,1
24/1/2020,1
28/1/2020,1
28/1/2020,1
28/1/2020,1
28/1/2020,1
28/1/2020,1
28/1/2020,1
28/1/2020,1
28/1/2020,1
28/1/2020,1
28/1/2020,1
29/1/2020,1
29/1/2020,1
29/1/2020,1
30/1/2020,1
30/1/2020,1
30/1/2020,1
30/1/2020,1
30/1/2020,1
31/1/2020,1
31/1/2020,1
31/1/2020,1
31/1/2020,1
31/1/2020,1
1/2/2020,1
3/2/2020,1
3/2/2020,1
3/2/2020,1
3/2/2020,1
4/2/2020,1
4/2/2020,1
4/2/2020,1
4/2/2020,1
4/2/2020,1
4/2/2020,1
4/2/2020,1
4/2/2020,1
4/2/2020,1
5/2/2020,1
5/2/2020,1
5/2/2020,1
5/2/2020,1
5/2/2020,1
6/2/2020,1
6/2/2020,1
6/2/2020,1
7/2/2020,1
7/2/2020,1
7/2/2020,1
7/2/2020,1
7/2/2020,1
10/2/2020,1
10/2/2020,1
10/2/2020,1
11/2/2020,1
11/2/2020,1
11/2/2020,1
12/2/2020,1
12/2/2020,1
13/2/2020,1
13/2/2020,1
13/2/2020,1
13/2/2020,1
13/2/2020,1
13/2/2020,1
14/2/2020,1
14/2/2020,1
14/2/2020,1
14/2/2020,1
14/2/2020,1
14/2/2020,1
14/2/2020,1
14/2/2020,1
14/2/2020,1
14/2/2020,1
17/2/2020,1
17/2/2020,1
18/2/2020,1
18/2/2020,1
18/2/2020,1
18/2/2020,1
18/2/2020,1
18/2/2020,1
18/2/2020,1
19/2/2020,1
19/2/2020,1
19/2/2020,1
20/2/2020,1
20/2/2020,1
20/2/2020,1
21/2/2020,1
21/2/2020,1
21/2/2020,1
21/2/2020,1
21/2/2020,1
21/2/2020,1
24/2/2020,1
24/2/2020,1
24/2/2020,1
24/2/2020,1
25/2/2020,1
25/2/2020,1
25/2/2020,1
24/2/2020,1
26/2/2020,1
26/2/2020,1
26/2/2020,1
27/2/2020,1
27/2/2020,1
28/2/2020,1
28/2/2020,1
28/2/2020,1
28/2/2020,1
28/2/2020,1
28/2/2020,1
28/2/2020,1
29/2/2020,1
2/3/2020,1
2/3/2020,1
3/3/2020,1
3/3/2020,1
3/3/2020,1
4/3/2020,1
4/3/2020,1
4/3/2020,1
4/3/2020,1
4/3/2020,1
4/3/2020,1
5/3/2020,1
5/3/2020,1
5/3/2020,1
5/3/2020,1
6/3/2020,1
6/3/2020,1
6/3/2020,1
6/3/2020,1
6/3/2020,1
10/3/2020,1
10/3/2020,1
11/3/2020,1
11/3/2020,1
11/3/2020,1
12/3/2020,1
13/3/2020,1
13/3/2020,1
13/3/2020,1
13/3/2020,1
13/3/2020,1
16/3/2020,1
16/3/2020,1
17/3/2020,1
17/3/2020,1
17/3/2020,1
17/3/2020,1
17/3/2020,1
17/3/2020,1
18/3/2020,1
18/3/2020,1
18/3/2020,1
18/3/2020,1
19/3/2020,1
19/3/2020,1
20/3/2020,1
20/3/2020,1
20/3/2020,1
20/3/2020,1
23/3/2020,1
23/3/2020,1
23/3/2020,1
23/3/2020,1
24/3/2020,1
24/3/2020,1
25/3/2020,1
26/3/2020,1
26/3/2020,1
27/3/2020,1
28/3/2020,1
30/3/2020,1
30/3/2020,1
31/3/2020,1
31/3/2020,1
31/3/2020,1
1/4/2020,1
2/4/2020,1
3/4/2020,1
3/4/2020,1
7/4/2020,1
8/4/2020,1
9/4/2020,1
14/4/2020,1
14/4/2020,1
14/4/2020,1
14/4/2020,1
15/4/2020,1
16/4/2020,1
16/4/2020,1
17/4/2020,1
20/4/2020,1
21/4/2020,1
22/4/2020,1
23/4/2020,1
23/4/2020,1
23/4/2020,1
23/4/2020,1
27/4/2020,1
27/4/2020,1
28/4/2020,1
28/4/2020,1
28/4/2020,1
30/4/2020,1
30/4/2020,1
30/4/2020,1
30/4/2020,1
4/5/2020,1
4/5/2020,1
5/5/2020,1
5/5/2020,1
5/5/2020,1
6/5/2020,1
7/5/2020,1
8/5/2020,1
8/5/2020,1
11/5/2020,1
11/5/2020,1
12/5/2020,1
12/5/2020,1
12/5/2020,1
13/5/2020,1
15/5/2020,1
15/5/2020,1
16/5/2020,1
18/5/2020,1
18/5/2020,1
19/5/2020,1
21/5/2020,1
22/5/2020,1
22/5/2020,1
22/5/2020,1
22/5/2020,1
22/5/2020,1
22/5/2020,1
22/5/2020,1
22/5/2020,1
26/5/2020,1
26/5/2020,1
26/5/2020,1
27/5/2020,1
27/5/2020,1
1/6/2020,1
1/6/2020,1
1/6/2020,1
3/6/2020,1
3/6/2020,1
3/6/2020,1
3/6/2020,1
3/6/2020,1
3/6/2020,1
4/6/2020,1
4/6/2020,1
4/6/2020,1
4/6/2020,1
4/6/2020,1
4/6/2020,1
4/6/2020,1
4/6/2020,1
4/6/2020,1
4/6/2020,1
4/6/2020,1
4/6/2020,1
5/6/2020,1
5/6/2020,1
5/6/2020,1
5/6/2020,1
8/6/2020,1
9/6/2020,1
9/6/2020,1
9/6/2020,1
10/6/2020,1
10/6/2020,1
10/6/2020,1
11/6/2020,1
11/6/2020,1
12/6/2020,1
15/6/2020,1
16/6/2020,1
16/6/2020,1
16/6/2020,1
16/6/2020,1
16/6/2020,1
16/6/2020,1
16/6/2020,1
16/6/2020,1
16/6/2020,1
17/6/2020,1
17/6/2020,1
17/6/2020,1
17/6/2020,1
17/6/2020,1
17/6/2020,1
18/6/2020,1
18/6/2020,1
18/6/2020,1
22/6/2020,1
23/6/2020,1
23/6/2020,1
25/6/2020,1
25/6/2020,1
25/6/2020,1
29/6/2020,1
30/6/2020,1
1/7/2020,1
2/7/2020,1
2/7/2020,1
2/7/2020,1
2/7/2020,1
3/7/2020,1
6/7/2020,1
7/7/2020,1
7/7/2020,1
7/7/2020,1
8/7/2020,1
9/7/2020,1
9/7/2020,1
10/7/2020,1
10/7/2020,1
10/7/2020,1
10/7/2020,1
13/7/2020,1
13/7/2020,1
13/7/2020,1
14/7/2020,1
14/7/2020,1
14/7/2020,1
14/7/2020,1
16/7/2020,1
16/7/2020,1
16/7/2020,1
16/7/2020,1
16/7/2020,1
16/7/2020,1
16/7/2020,1
17/7/2020,1
17/7/2020,1
20/7/2020,1
20/7/2020,1
20/7/2020,1
20/7/2020,1
20/7/2020,1
20/7/2020,1
20/7/2020,1
21/7/2020,1
21/7/2020,1
21/7/2020,1
21/7/2020,1
21/7/2020,1
22/7/2020,1
22/7/2020,1
23/7/2020,1
27/7/2020,1
28/7/2020,1
28/7/2020,1
28/7/2020,1
28/7/2020,1
28/7/2020,1
29/7/2020,1
29/7/2020,1
29/7/2020,1
29/7/2020,1
29/7/2020,1
29/7/2020,1
30/7/2020,1
31/7/2020,1
31/7/2020,1
31/7/2020,1
31/7/2020,1
31/7/2020,1
31/7/2020,1
31/7/2020,1
31/7/2020,1
31/7/2020,1
31/7/2020,1
3/8/2020,1
3/8/2020,1
4/8/2020,1
4/8/2020,1
4/8/2020,1
5/8/2020,1
7/8/2020,1
7/8/2020,1
8/8/2020,1
10/8/2020,1
10/8/2020,1
10/8/2020,1
11/8/2020,1
11/8/2020,1
12/8/2020,1
13/8/2020,1
13/8/2020,1
13/8/2020,1
13/8/2020,1
14/8/2020,1
14/8/2020,1
14/8/2020,1
14/8/2020,1
14/8/2020,1
17/8/2020,1
18/8/2020,1
18/8/2020,1
18/8/2020,1
19/8/2020,1
21/8/2020,1
21/8/2020,1
21/8/2020,1
24/8/2020,1
24/8/2020,1
24/8/2020,1
25/8/2020,1
25/8/2020,1
25/8/2020,1
26/8/2020,1
26/8/2020,1
26/8/2020,1
26/8/2020,1
26/8/2020,1
27/8/2020,1
27/8/2020,1
27/8/2020,1
27/8/2020,1
28/8/2020,1
31/8/2020,1
31/8/2020,1
31/8/2020,1
31/8/2020,1
1/9/2020,1
1/9/2020,1
1/9/2020,1
2/9/2020,1
2/9/2020,1
2/9/2020,1
3/9/2020,1
3/9/2020,1
3/9/2020,1
4/9/2020,1
4/9/2020,1
4/9/2020,1
6/9/2020,1
7/9/2020,1
8/9/2020,1
8/9/2020,1
8/9/2020,1
8/9/2020,1
8/9/2020,1
8/9/2020,1
8/9/2020,1
8/9/2020,1
8/9/2020,1
9/9/2020,1
11/9/2020,1
10/9/2020,1
10/9/2020,1
10/9/2020,1
10/9/2020,1
11/9/2020,1
11/9/2020,1
14/9/2020,1
14/9/2020,1
14/9/2020,1
14/9/2020,1
14/9/2020,1
14/9/2020,1
15/9/2020,1
15/9/2020,1
15/9/2020,1
16/9/2020,1
16/9/2020,1
16/9/2020,1
16/9/2020,1
16/9/2020,1
16/9/2020,1
16/9/2020,1
16/9/2020,1
17/9/2020,1
17/9/2020,1
17/9/2020,1
17/9/2020,1
18/9/2020,1
18/9/2020,1
18/9/2020,1
18/9/2020,1
19/9/2020,1
20/9/2020,1
21/9/2020,1
22/9/2020,1
22/9/2020,1
23/9/2020,1
23/9/2020,1
23/9/2020,1
23/9/2020,1
23/9/2020,1
24/9/2020,1
24/9/2020,1
24/9/2020,1
28/9/2020,1
28/9/2020,1
28/9/2020,1
28/9/2020,1
28/9/2020,1
28/9/2020,1
28/9/2020,1
28/9/2020,1
28/9/2020,1
29/9/2020,1
29/9/2020,1
29/9/2020,1
29/9/2020,1
30/9/2020,1
30/9/2020,1
30/9/2020,1
2/10/2020,1
5/10/2020,1
6/10/2020,1
6/10/2020,1
6/10/2020,1
6/10/2020,1
6/10/2020,1
8/10/2020,1
9/10/2020,1
9/10/2020,1
9/10/2020,1
9/10/2020,1
10/10/2020,1
12/10/2020,1
12/10/2020,1
12/10/2020,1
12/10/2020,1
12/10/2020,1
12/10/2020,1
13/10/2020,1
13/10/2020,1
13/10/2020,1
13/10/2020,1
13/10/2020,1
13/10/2020,1
15/10/2020,1
15/10/2020,1
15/10/2020,1
16/10/2020,1
16/10/2020,1
16/10/2020,1
16/10/2020,1
16/10/2020,1
16/10/2020,1
16/10/2020,1
16/10/2020,1
19/10/2020,1
19/10/2020,1
20/10/2020,1
20/10/2020,1
20/10/2020,1
20/10/2020,1
20/10/2020,1
20/10/2020,1
20/10/2020,1
21/10/2020,1
21/10/2020,1
21/10/2020,1
21/10/2020,1
21/10/2020,1
21/10/2020,1
21/10/2020,1
21/10/2020,1
21/10/2020,1
21/10/2020,1
22/10/2020,1
22/10/2020,1
22/10/2020,1
22/10/2020,1
22/10/2020,1
22/10/2020,1
22/10/2020,1
22/10/2020,1
22/10/2020,1
22/10/2020,1
23/10/2020,1
23/10/2020,1
23/10/2020,1
27/10/2020,1
27/10/2020,1
27/10/2020,1
27/10/2020,1
28/10/2020,1
29/10/2020,1
29/10/2020,1
29/10/2020,1
30/10/2020,1
30/10/2020,1
30/10/2020,1
30/10/2020,1
30/10/2020,1
2/11/2020,1
2/11/2020,1
2/11/2020,1
3/11/2020,1
4/11/2020,1
5/11/2020,1
6/11/2020,1
6/11/2020,1
6/11/2020,1
6/11/2020,1
6/11/2020,1
8/11/2020,1
9/11/2020,1
9/11/2020,1
9/11/2020,1
9/11/2020,1
9/11/2020,1
9/11/2020,1
9/11/2020,1
9/11/2020,1
9/11/2020,1
9/11/2020,1
9/11/2020,1
9/11/2020,1
9/11/2020,1
9/11/2020,1
9/11/2020,1
9/11/2020,1
9/11/2020,1
9/11/2020,1
9/11/2020,1
9/11/2020,1
9/11/2020,1
9/11/2020,1
10/11/2020,1
10/11/2020,1
10/11/2020,1
11/11/2020,1
11/11/2020,1
12/11/2020,1
12/11/2020,1
13/11/2020,1
13/11/2020,1
13/11/2020,1
13/11/2020,1
16/11/2020,1
16/11/2020,1
16/11/2020,1
16/11/2020,1
17/11/2020,1
17/11/2020,1
17/11/2020,1
17/11/2020,1
18/11/2020,1
18/11/2020,1
20/11/2020,1
20/11/2020,1
20/11/2020,1
20/11/2020,1
22/11/2020,1
23/11/2020,1
23/11/2020,1
23/11/2020,1
24/11/2020,1
24/11/2020,1
24/11/2020,1
24/11/2020,1
25/11/2020,1
26/11/2020,1
27/11/2020,1
27/11/2020,1
30/11/2020,1
30/11/2020,1
30/11/2020,1
30/11/2020,1
30/11/2020,1
30/11/2020,1
1/12/2020,1
1/12/2020,1
3/12/2020,1
4/12/2020,1
4/12/2020,1
4/12/2020,1
4/12/2020,1
8/12/2020,1
8/12/2020,1
8/12/2020,1
8/12/2020,1
8/12/2020,1
8/12/2020,1
8/12/2020,1
8/12/2020,1
8/12/2020,1
8/12/2020,1
8/12/2020,1
8/12/2020,1
8/12/2020,1
8/12/2020,1
8/12/2020,1
9/12/2020,1
9/12/2020,1
10/12/2020,1
11/12/2020,1
14/12/2020,1
15/12/2020,1
15/12/2020,1
15/12/2020,1
15/12/2020,1
15/12/2020,1
16/12/2020,1
16/12/2020,1
16/12/2020,1
17/12/2020,1
17/12/2020,1
17/12/2020,1
18/12/2020,1
18/12/2020,1
18/12/2020,1
18/12/2020,1
21/12/2020,1
21/12/2020,1
21/12/2020,1
22/12/2020,1
23/12/2020,1
30/12/2020,1
4/1/2021,1
4/1/2021,1
4/1/2021,1
4/1/2021,1
4/1/2021,1
4/1/2021,1
5/1/2021,1
5/1/2021,1
5/1/2021,1
5/1/2021,1
5/1/2021,1
6/1/2021,1
6/1/2021,1
6/1/2021,1
7/1/2021,1
7/1/2021,1
8/1/2021,1
9/1/2021,1
10/1/2021,1
11/1/2021,1
11/1/2021,1
12/1/2021,1
12/1/2021,1
12/1/2021,1
12/1/2021,1
12/1/2021,1
12/1/2021,1
13/1/2021,1
13/1/2021,1
13/1/2021,1
13/1/2021,1
15/1/2021,1
15/1/2021,1
15/1/2021,1
15/1/2021,1
16/1/2021,1
16/1/2021,1
18/1/2021,1
18/1/2021,1
18/1/2021,1
19/1/2021,1
19/1/2021,1
20/1/2021,1
20/1/2021,1
20/1/2021,1
20/1/2021,1
20/1/2021,1
20/1/2021,1
21/1/2021,1
21/1/2021,1
21/1/2021,1
21/1/2021,1
22/1/2021,1
25/1/2021,1
27/1/2021,1
27/1/2021,1
27/1/2021,1
28/1/2021,1
28/1/2021,1
29/1/2021,1
29/1/2021,1
29/1/2021,1
31/1/2021,1
31/1/2021,1
1/2/2021,1
1/2/2021,1
1/2/2021,1
1/2/2021,1
1/2/2021,1
1/2/2021,1
1/2/2021,1
1/2/2021,1
2/2/2021,1
3/2/2021,1
4/2/2021,1
4/2/2021,1
4/2/2021,1
4/2/2021,1
4/2/2021,1
4/2/2021,1
4/2/2021,1
5/2/2021,1
5/2/2021,1
8/2/2021,1
8/2/2021,1
8/2/2021,1
8/2/2021,1
8/2/2021,1
8/2/2021,1
9/2/2021,1
9/2/2021,1
9/2/2021,1
10/2/2021,1
10/2/2021,1
10/2/2021,1
12/2/2021,1
14/2/2021,1
15/2/2021,1
15/2/2021,1
15/2/2021,1
16/2/2021,1
16/2/2021,1
16/2/2021,1
16/2/2021,1
16/2/2021,1
17/2/2021,1
17/2/2021,1
18/2/2021,1
18/2/2021,1
18/2/2021,1
18/2/2021,1
18/2/2021,1
18/2/2021,1
18/2/2021,1
19/2/2021,1
19/2/2021,1
22/2/2021,1
23/2/2021,1
23/2/2021,1
23/2/2021,1
24/2/2021,1
24/2/2021,1
24/2/2021,1
24/2/2021,1
25/2/2021,1
26/2/2021,1
26/2/2021,1
26/2/2021,1
26/2/2021,1
26/2/2021,1
26/2/2021,1
1/3/2021,1
1/3/2021,1
1/3/2021,1
1/3/2021,1
2/3/2021,1
2/3/2021,1
2/3/2021,1
4/3/2021,1
3/3/2021,1
3/3/2021,1
3/3/2021,1
4/3/2021,1
4/3/2021,1
4/3/2021,1
4/3/2021,1
4/3/2021,1
5/3/2021,1
5/3/2021,1
6/3/2021,1
8/3/2021,1
8/3/2021,1
8/3/2021,1
8/3/2021,1
8/3/2021,1
8/3/2021,1
9/3/2021,1
9/3/2021,1
9/3/2021,1
9/3/2021,1
10/3/2021,1
10/3/2021,1
10/3/2021,1
10/3/2021,1
11/3/2021,1
11/3/2021,1
11/3/2021,1
11/3/2021,1
11/3/2021,1
11/3/2021,1
12/3/2021,1
12/3/2021,1
12/3/2021,1
12/3/2021,1
12/3/2021,1
12/3/2021,1
15/3/2021,1
15/3/2021,1
15/3/2021,1
15/3/2021,1
15/3/2021,1
15/3/2021,1
15/3/2021,1
15/3/2021,1
16/3/2021,1
16/3/2021,1
16/3/2021,1
16/3/2021,1
17/3/2021,1
17/3/2021,1
18/3/2021,1
18/3/2021,1
18/3/2021,1
18/3/2021,1
18/3/2021,1
19/3/2021,1
19/3/2021,1
21/3/2021,1
22/3/2021,1
22/3/2021,1
22/3/2021,1
22/3/2021,1
22/3/2021,1
19/4/2021,1
19/4/2021,1
19/4/2021,1
23/3/2021,1
23/3/2021,1
23/3/2021,1
23/3/2021,1
24/3/2021,1
25/3/2021,1
25/3/2021,1
25/3/2021,1
26/3/2021,1
26/3/2021,1
26/3/2021,1
26/3/2021,1
26/3/2021,1
26/3/2021,1
26/3/2021,1
29/3/2021,1
29/3/2021,1
29/3/2021,1
29/3/2021,1
29/3/2021,1
30/3/2021,1
30/3/2021,1
30/3/2021,1
30/3/2021,1
30/3/2021,1
31/3/2021,1
31/3/2021,1
31/3/2021,1
31/3/2021,1
31/3/2021,1
31/3/2021,1
31/3/2021,1
1/4/2021,1
1/4/2021,1
1/4/2021,1
1/4/2021,1
1/4/2021,1
1/4/2021,1
1/4/2021,1
1/4/2021,1
1/4/2021,1
1/4/2021,1
5/4/2021,1
6/4/2021,1
6/4/2021,1
6/4/2021,1
6/4/2021,1
7/4/2021,1
7/4/2021,1
7/4/2021,1
7/4/2021,1
7/4/2021,1
7/4/2021,1
8/4/2021,1
8/4/2021,1
8/4/2021,1
9/4/2021,1
9/4/2021,1
12/4/2021,1
12/4/2021,1
12/4/2021,1
12/4/2021,1
12/4/2021,1
12/4/2021,1
12/4/2021,1
12/4/2021,1
13/4/2021,1
13/4/2021,1
13/4/2021,1
13/4/2021,1
13/4/2021,1
13/4/2021,1
13/4/2021,1
13/4/2021,1
13/4/2021,1
13/4/2021,1
14/4/2021,1
14/4/2021,1
15/4/2021,1
15/4/2021,1
15/4/2021,1
16/4/2021,1
16/4/2021,1
16/4/2021,1
16/4/2021,1
19/4/2021,1
19/4/2021,1
20/4/2021,1
20/4/2021,1
20/4/2021,1
21/4/2021,1
21/4/2021,1
21/4/2021,1
21/4/2021,1
21/4/2021,1
21/4/2021,1
21/4/2021,1
21/4/2021,1
21/4/2021,1
21/4/2021,1
21/4/2021,1
22/4/2021,1
22/4/2021,1
22/4/2021,1
22/4/2021,1
22/4/2021,1
22/4/2021,1
22/4/2021,1
22/4/2021,1
22/4/2021,1
22/4/2021,1
22/4/2021,1
23/4/2021,1
23/4/2021,1
23/4/2021,1
23/4/2021,1
23/4/2021,1
23/4/2021,1
24/4/2021,1
26/4/2021,1
26/4/2021,1
26/4/2021,1
26/4/2021,1
27/4/2021,1
27/4/2021,1
27/4/2021,1
27/4/2021,1
27/4/2021,1
27/4/2021,1
27/4/2021,1
27/4/2021,1
28/4/2021,1
28/4/2021,1
28/4/2021,1
28/4/2021,1
28/4/2021,1
28/4/2021,1
29/4/2021,1
29/4/2021,1
29/4/2021,1
30/4/2021,1
30/4/2021,1
30/4/2021,1
30/4/2021,1
30/4/2021,1
30/4/2021,1
30/4/2021,1
30/4/2021,1
30/4/2021,1
30/4/2021,1
30/4/2021,1
30/4/2021,1
30/4/2021,1
30/4/2021,1
30/4/2021,1
30/4/2021,1
30/4/2021,1
30/4/2021,1
30/4/2021,1
30/4/2021,1
30/4/2021,1
30/4/2021,1
1/5/2021,1
1/5/2021,1
1/5/2021,1
2/5/2021,1
3/5/2021,1
3/5/2021,1
4/5/2021,1
4/5/2021,1
4/5/2021,1
4/5/2021,1
4/5/2021,1
4/5/2021,1
4/5/2021,1
5/5/2021,1
5/5/2021,1
5/5/2021,1
5/5/2021,1
5/5/2021,1
5/5/2021,1
5/5/2021,1
5/5/2021,1
6/5/2021,1
6/5/2021,1
6/5/2021,1
6/5/2021,1
7/5/2021,1
7/5/2021,1
7/5/2021,1
7/5/2021,1
7/5/2021,1
7/5/2021,1
7/5/2021,1
7/5/2021,1
7/5/2021,1
7/5/2021,1
7/5/2021,1
7/5/2021,1
7/5/2021,1
7/5/2021,1
7/5/2021,1
7/5/2021,1
7/5/2021,1
7/5/2021,1
7/5/2021,1
8/5/2021,1
10/5/2021,1
10/5/2021,1
10/5/2021,1
10/5/2021,1
10/5/2021,1
10/5/2021,1
10/5/2021,1
11/5/2021,1
11/5/2021,1
11/5/2021,1
11/5/2021,1
11/5/2021,1
11/5/2021,1
11/5/2021,1
12/5/2021,1
12/5/2021,1
12/5/2021,1
12/5/2021,1
12/5/2021,1
12/5/2021,1
12/5/2021,1
12/5/2021,1
12/5/2021,1
12/5/2021,1
12/5/2021,1
13/5/2021,1
13/5/2021,1
13/5/2021,1
13/5/2021,1
13/5/2021,1
13/5/2021,1
13/5/2021,1
13/5/2021,1
13/5/2021,1
13/5/2021,1
13/5/2021,1
16/5/2021,1
13/5/2021,1
14/5/2021,1
14/5/2021,1
14/5/2021,1
14/5/2021,1
14/5/2021,1
14/5/2021,1
15/5/2021,1
15/5/2021,1
17/5/2021,1
17/5/2021,1
17/5/2021,1
17/5/2021,1
18/5/2021,1
18/5/2021,1
18/5/2021,1
18/5/2021,1
18/5/2021,1
18/5/2021,1
19/5/2021,1
19/5/2021,1
19/5/2021,1
19/5/2021,1
19/5/2021,1
19/5/2021,1
19/5/2021,1
19/5/2021,1
19/5/2021,1
20/5/2021,1
20/5/2021,1
20/5/2021,1
20/5/2021,1
20/5/2021,1
20/5/2021,1
20/5/2021,1
20/5/2021,1
20/5/2021,1
21/5/2021,1
21/5/2021,1
21/5/2021,1
21/5/2021,1
21/5/2021,1
21/5/2021,1
21/5/2021,1
21/5/2021,1
22/5/2021,1
24/5/2021,1
24/5/2021,1
24/5/2021,1
24/5/2021,1
24/5/2021,1
24/5/2021,1
24/5/2021,1
24/5/2021,1
24/5/2021,1
24/5/2021,1
25/5/2021,1
25/5/2021,1
25/5/2021,1
25/5/2021,1
26/5/2021,1
26/5/2021,1
26/5/2021,1
26/5/2021,1
26/5/2021,1
26/5/2021,1
26/5/2021,1
26/5/2021,1
26/5/2021,1
26/5/2021,1
27/5/2021,1
27/5/2021,1
27/5/2021,1
27/5/2021,1
28/5/2021,1
28/5/2021,1
28/5/2021,1
28/5/2021,1
28/5/2021,1
28/5/2021,1
28/5/2021,1
28/5/2021,1
28/5/2021,1
28/5/2021,1
28/5/2021,1
28/5/2021,1
28/5/2021,1
28/5/2021,1
28/5/2021,1
28/5/2021,1
28/5/2021,1
28/5/2021,1
28/5/2021,1
28/5/2021,1
28/5/2021,1
28/5/2021,1
28/5/2021,1
29/5/2021,1
28/5/2021,1
29/5/2021,1
31/5/2021,1
31/5/2021,1
31/5/2021,1
31/5/2021,1
31/5/2021,1
31/5/2021,1
1/6/2021,1
1/6/2021,1
1/6/2021,1
1/6/2021,1
1/6/2021,1
2/6/2021,1
2/6/2021,1
2/6/2021,1
2/6/2021,1
2/6/2021,1
3/6/2021,1
3/6/2021,1
3/6/2021,1
3/6/2021,1
3/6/2021,1
3/6/2021,1
3/6/2021,1
3/6/2021,1
3/6/2021,1
3/6/2021,1
3/6/2021,1
3/6/2021,1
4/6/2021,1
4/6/2021,1
5/6/2021,1
7/6/2021,1
7/6/2021,1
7/6/2021,1
7/6/2021,1
7/6/2021,1
7/6/2021,1
7/6/2021,1
8/6/2021,1
8/6/2021,1
9/6/2021,1
9/6/2021,1
9/6/2021,1
9/6/2021,1
9/6/2021,1
9/6/2021,1
9/6/2021,1
9/6/2021,1
9/6/2021,1
9/6/2021,1
10/6/2021,1
10/6/2021,1
10/6/2021,1
10/6/2021,1
10/6/2021,1
11/6/2021,1
11/6/2021,1
11/6/2021,1
11/6/2021,1
11/6/2021,1
14/6/2021,1
15/6/2021,1
15/6/2021,1
15/6/2021,1
15/6/2021,1
15/6/2021,1
16/6/2021,1
16/6/2021,1
16/6/2021,1
16/6/2021,1
16/6/2021,1
17/6/2021,1
17/6/2021,1
17/6/2021,1
17/6/2021,1
17/6/2021,1
17/6/2021,1
18/6/2021,1
18/6/2021,1
18/6/2021,1
18/6/2021,1
18/6/2021,1
21/6/2021,1
22/6/2021,1
22/6/2021,1
22/6/2021,1
22/6/2021,1
22/6/2021,1
22/6/2021,1
22/6/2021,1
22/6/2021,1
22/6/2021,1
23/6/2021,1
23/6/2021,1
23/6/2021,1
23/6/2021,1
23/6/2021,1
23/6/2021,1
23/6/2021,1
23/6/2021,1
24/6/2021,1
24/6/2021,1
24/6/2021,1
24/6/2021,1
24/6/2021,1
24/6/2021,1
24/6/2021,1
24/6/2021,1
25/6/2021,1
25/6/2021,1
25/6/2021,1
25/6/2021,1
25/6/2021,1
27/6/2021,1
28/6/2021,1
28/6/2021,1
28/6/2021,1
29/6/2021,1
29/6/2021,1
29/6/2021,1
29/6/2021,1
29/6/2021,1
29/6/2021,1
29/6/2021,1
29/6/2021,1
29/6/2021,1
29/6/2021,1
29/6/2021,1
29/6/2021,1
30/6/2021,1
30/6/2021,1
30/6/2021,1
29/6/2021,1
1/7/2021,1
1/7/2021,1
1/7/2021,1
1/7/2021,1
1/7/2021,1
1/7/2021,1
1/7/2021,1
1/7/2021,1
1/7/2021,1
2/7/2021,1
2/7/2021,1
2/7/2021,1
2/7/2021,1
2/7/2021,1
5/7/2021,1
5/7/2021,1
5/7/2021,1
5/7/2021,1
5/7/2021,1
5/7/2021,1
5/7/2021,1
6/7/2021,1
6/7/2021,1
6/7/2021,1
6/7/2021,1
6/7/2021,1
6/7/2021,1
6/7/2021,1
6/7/2021,1
7/7/2021,1
7/7/2021,1
7/7/2021,1
7/7/2021,1
7/7/2021,1
7/7/2021,1
8/7/2021,1
8/7/2021,1
8/7/2021,1
8/7/2021,1
8/7/2021,1
8/7/2021,1
9/7/2021,1
9/7/2021,1
9/7/2021,1
9/7/2021,1
9/7/2021,1
9/7/2021,1
9/7/2021,1
9/7/2021,1
9/7/2021,1
9/7/2021,1
9/7/2021,1
10/7/2021,1
10/7/2021,1
10/7/2021,1
